URL,Status,Node #1,Node #2,Node #3,Node #4,Node #5,Node #6,Node #7
https://koyang-kuleshov.ru,200,/
https://koyang-kuleshov.ru,200,/
https://koyang-kuleshov.ru/politika-konfidencialnosti/,200,politika-konfidencialnosti
https://koyang-kuleshov.ru/otzyvy/otzyv-ooo-specstroj/,200,otzyvy,otzyv-ooo-specstroj
https://koyang-kuleshov.ru/otzyvy/ooo-oporto/,200,otzyvy,ooo-oporto
https://koyang-kuleshov.ru/otzyvy/po-noviy-vek/,200,otzyvy,po-noviy-vek
https://koyang-kuleshov.ru/razrabotka-reklamnyh-kampanij/,200,razrabotka-reklamnyh-kampanij
https://koyang-kuleshov.ru/kontakty/,200,kontakty
https://koyang-kuleshov.ru/blog/,200,blog
https://koyang-kuleshov.ru/otzyvy/,200,otzyvy
https://koyang-kuleshov.ru/primery-sajtov/,200,primery-sajtov
https://koyang-kuleshov.ru/blog/internet-marketing/razrabotka-internet-magazina/,200,blog,internet-marketing,razrabotka-internet-magazina
https://koyang-kuleshov.ru/otzyvy/otzyv-ooo-pk-podrjad/,200,otzyvy,otzyv-ooo-pk-podrjad
https://koyang-kuleshov.ru/otzyvy/otzyv-ooo-prof-wear/,200,otzyvy,otzyv-ooo-prof-wear
https://koyang-kuleshov.ru/primery-sajtov/proizvoditel-avtohimii/,200,primery-sajtov,proizvoditel-avtohimii
https://koyang-kuleshov.ru/404-error-page/,200,404-error-page
https://koyang-kuleshov.ru,200,/
https://koyang-kuleshov.ru/otzyvy/otzyv-ooo-specstroj/,200,otzyvy,otzyv-ooo-specstroj
https://koyang-kuleshov.ru/otzyvy/ooo-oporto/,200,otzyvy,ooo-oporto
https://koyang-kuleshov.ru/otzyvy/po-noviy-vek/,200,otzyvy,po-noviy-vek
https://koyang-kuleshov.ru,200,/
https://koyang-kuleshov.ru/politika-konfidencialnosti/,200,politika-konfidencialnosti
